disasterNumber,state,county,city,zipCode,totalValidRegistrations,validCallCenterRegistrations,validWebRegistrations,validMobileRegistrations,ihpReferrals,ihpEligible,ihpAmount,haReferrals,haEligible,haAmount,onaReferrals,onaEligible,onaAmount,id
4399,FL,"Bay County, Florida",ALTHA,32421,1,1,0,0,0,0,0,0,0,0,0,0,0,6210b8ca835fa6921ac1e3bb
4399,FL,"Bay County, Florida",APALACHICOLA,32320,1,0,1,0,1,0,0,1,0,0,1,0,0,6210b8ca835fa6921ac1e3bc
4399,FL,"Bay County, Florida",BRISTOL,32321,1,0,1,0,0,0,0,0,0,0,0,0,0,6210b8ca835fa6921ac1e3bf
4399,FL,"Bay County, Florida",CALLAWAY,32404,433,91,148,194,403,151,801671.82,398,137,631252.67,183,79,170419.15,6210b8ca835fa6921ac1e3c1
4399,FL,"Bay County, Florida",CRESTVIEW,32539,1,0,1,0,0,0,0,0,0,0,0,0,0,6210b8ca835fa6921ac1e3c5
4399,FL,"Bay County, Florida",EBRO,32437,11,5,2,4,6,3,7053.51,6,2,3193.26,4,2,3860.25,6210b8ca835fa6921ac1e3c8
4399,FL,"Bay County, Florida",FLEMING ISLAND,32003,1,0,1,0,0,0,0,0,0,0,0,0,0,6210b8ca835fa6921ac1e3c9
4399,FL,"Bay County, Florida",FOUNTAIN,32438,1367,739,254,374,1278,710,3971642.79,1259,642,3398617.64,688,304,573025.15,6210b8ca835fa6921ac1e3ca
4399,FL,"Bay County, Florida",LYNN HAVEN,23444,1,0,0,1,1,0,0,1,0,0,0,0,0,6210b8ca835fa6921ac1e3d2
4399,FL,"Bay County, Florida",LYNNHAVEN,32444,1,0,0,1,1,1,2368.87,1,0,0,1,1,2368.87,6210b8ca835fa6921ac1e3d7
4399,FL,"Bay County, Florida",MELBOURNE,32935,1,0,0,1,0,0,0,0,0,0,0,0,0,6210b8ca835fa6921ac1e3d9
4399,FL,"Bay County, Florida",P C BEACH,32408,110,1,48,61,87,16,33741.72,84,10,14840.54,33,7,18901.18,6210b8ca835fa6921ac1e3df
4399,FL,"Bay County, Florida",PALM BAY,32905,1,0,0,1,0,0,0,0,0,0,0,0,0,6210b8ca835fa6921ac1e3e1
4399,FL,"Bay County, Florida",PANAMA,32404,1,0,0,1,0,0,0,0,0,0,0,0,0,6210b8ca835fa6921ac1e3e4
4399,FL,"Bay County, Florida",PANAMA BEACH,32508,1,0,1,0,1,1,500,1,0,0,1,1,500,6210b8ca835fa6921ac1e3e8
4399,FL,"Bay County, Florida",PANAMA CITY,23401,2,1,1,0,2,0,0,2,0,0,2,0,0,6210b8ca835fa6921ac1e3ea
4399,FL,"Bay County, Florida",PANAMA CITY,32045,1,0,1,0,1,0,0,1,0,0,0,0,0,6210b8ca835fa6921ac1e3ec
4399,FL,"Bay County, Florida",PANAMA CITY,32304,2,0,0,2,2,1,4887.31,1,1,1734,2,1,3153.31,6210b8ca835fa6921ac1e3ee
4399,FL,"Bay County, Florida",PANAMA CITY,32400,1,0,0,1,0,0,0,0,0,0,0,0,0,6210b8ca835fa6921ac1e3ef
4399,FL,"Bay County, Florida",PANAMA CITY,32407,49,27,5,17,41,8,12540.4,37,6,10555.72,23,4,1984.68,6210b8ca835fa6921ac1e3f6
4399,FL,"Bay County, Florida",PANAMA CITY,32444,1,0,1,0,1,0,0,1,0,0,0,0,0,6210b8ca835fa6921ac1e3fc
4399,FL,"Bay County, Florida",PANAMA CITY BEACH,32048,1,0,1,0,0,0,0,0,0,0,0,0,0,6210b8ca835fa6921ac1e401
4399,FL,"Bay County, Florida",PANAMA CITY BEACH,32404,1,0,0,1,1,0,0,1,0,0,0,0,0,6210b8ca835fa6921ac1e403
4399,FL,"Bay County, Florida",PANAMA CITY BEACH FLORIDA,32143,1,0,1,0,1,0,0,1,0,0,0,0,0,6210b8ca835fa6921ac1e409
4399,FL,"Bay County, Florida",PCB,32407,1,0,0,1,1,1,2022,1,1,2022,1,0,0,6210b8ca835fa6921ac1e40b
4399,FL,"Bay County, Florida",PENSACOLA,32534,1,1,0,0,0,0,0,0,0,0,0,0,0,6210b8ca835fa6921ac1e40e
4399,FL,"Bay County, Florida",PORT ST JOE,32456,171,150,16,5,122,45,322447.8,122,42,296425.65,37,10,26022.15,6210b8ca835fa6921ac1e411
4399,FL,"Bay County, Florida",RICHMOND HILL,31325,1,0,1,0,1,0,0,1,0,0,0,0,0,6210b8ca835fa6921ac1e413
4399,FL,"Bay County, Florida",ROSEMARY BCH,32413,1,1,0,0,1,0,0,1,0,0,1,0,0,6210b8ca835fa6921ac1e414
4399,FL,"Bay County, Florida",SAINT AUGUSTINE,32095,1,0,1,0,1,0,0,1,0,0,1,0,0,6210b8ca835fa6921ac1e416
4399,FL,"Bay County, Florida",SHALIMAR,32579,1,1,0,0,0,0,0,0,0,0,0,0,0,6210b8ca835fa6921ac1e418
4399,FL,"Bay County, Florida",SOUTH PORT,32049,1,1,0,0,1,0,0,1,0,0,1,0,0,6210b8ca835fa6921ac1e419
4399,FL,"Bay County, Florida",SOUTHPORT,32409,477,114,175,188,437,156,878737.52,434,127,768963.2,174,79,109774.32,6210b8ca835fa6921ac1e41c
4399,FL,"Bay County, Florida",TYNDALL,32403,1,0,1,0,0,0,0,0,0,0,0,0,0,6210b8ca835fa6921ac1e422
4399,FL,"Bay County, Florida",YULEE,32041,1,1,0,0,0,0,0,0,0,0,0,0,0,6210b8ca835fa6921ac1e42a
4399,FL,"Calhoun County, Florida",ALFORD,32420,1,0,1,0,1,0,0,1,0,0,0,0,0,6210b8ca835fa6921ac1e42b
4399,FL,"Calhoun County, Florida",CLARKSVILLE,32430,444,255,89,100,418,200,1483252.98,412,188,1329548.4,194,84,153704.58,6210b8ca835fa6921ac1e432
4399,FL,"Calhoun County, Florida",FLORIDA,32424,1,0,0,1,1,1,2270.68,1,1,2006,1,1,264.68,6210b8ca835fa6921ac1e434
4399,FL,"Calhoun County, Florida",GRAND RIDGE,32442,36,31,2,3,34,13,127644.22,34,10,99759.13,13,8,27885.09,6210b8ca835fa6921ac1e436
4399,FL,"Calhoun County, Florida",KINDARD,32449,1,0,0,1,1,0,0,1,0,0,1,0,0,6210b8ca835fa6921ac1e438
4399,FL,"Calhoun County, Florida",MARIANNA,32448,3,2,0,1,3,1,1941.05,3,1,1941.05,2,0,0,6210b8ca835fa6921ac1e439
4399,FL,"Calhoun County, Florida",WEWAHITCHKA,32465,2,0,1,1,1,1,1949.13,1,1,1949.13,1,0,0,6210b8ca835fa6921ac1e43f
4399,FL,"Calhoun County, Florida",YOUNGSTOWN,32466,40,18,10,12,40,15,70747.23,40,15,66491.95,10,3,4255.28,6210b8ca835fa6921ac1e440
4399,FL,"Franklin County, Florida",CARRABELLE,32322,429,244,115,70,318,103,530027.34,287,88,469367.29,127,37,60660.05,6210b8ca835fa6921ac1e444
4399,FL,"Franklin County, Florida",PORT ST JOE,32456,1,1,0,0,1,1,29975.44,1,1,29975.44,0,0,0,6210b8ca835fa6921ac1e44b
4399,FL,"Gadsden County, Florida",GREENSBORO,32330,28,8,14,6,24,10,43496.49,24,9,42594.39,8,3,902.1,6210b8ca835fa6921ac1e453
4399,FL,"Gadsden County, Florida",JACKSONVILLE,32223,1,0,1,0,1,0,0,1,0,0,0,0,0,6210b8ca835fa6921ac1e458
4399,FL,"Gadsden County, Florida",QUINCY,32352,1175,605,310,260,947,230,715238.74,908,164,631283.03,376,113,83955.71,6210b8ca835fa6921ac1e45d
4399,FL,"Gadsden County, Florida",QUINCY,32532,1,0,0,1,1,1,1552,1,1,1552,0,0,0,6210b8ca835fa6921ac1e45e
4399,FL,"Gulf County, Florida",BRISTOL,32321,1,0,0,1,1,0,0,0,0,0,1,0,0,6210b8ca835fa6921ac1e462
4399,FL,"Gulf County, Florida",DEFUNIAK SPRINGS,32433,1,1,0,0,0,0,0,0,0,0,0,0,0,6210b8ca835fa6921ac1e464
4399,FL,"Gulf County, Florida",OVERSTREET,32456,3,0,2,1,2,1,8403.43,1,1,8403.43,2,0,0,6210b8ca835fa6921ac1e467
4399,FL,"Gulf County, Florida",VENICE,34293,1,0,0,1,1,0,0,1,0,0,1,0,0,6210b8ca835fa6921ac1e46f
4399,FL,"Gulf County, Florida",WEWAHITCHKA,32449,1,1,0,0,1,0,0,1,0,0,1,0,0,6210b8ca835fa6921ac1e471
4399,FL,"Holmes County, Florida",BONIFAY,32425,876,420,205,251,656,162,359553.85,566,113,290916.95,292,81,68636.9,6210b8ca835fa6921ac1e475
4399,FL,"Holmes County, Florida",BONIFAY,32428,1,0,0,1,0,0,0,0,0,0,0,0,0,6210b8ca835fa6921ac1e476
4399,FL,"Holmes County, Florida",CARYVILLE,32425,4,3,0,1,4,2,8906.81,4,2,7599.43,3,2,1307.38,6210b8ca835fa6921ac1e478
4399,FL,"Holmes County, Florida",CARYVILLE,32427,2,2,0,0,1,0,0,1,0,0,0,0,0,6210b8ca835fa6921ac1e479
4399,FL,"Holmes County, Florida",COTTONDALE,32431,1,1,0,0,1,0,0,1,0,0,1,0,0,6210b8ca835fa6921ac1e47a
4399,FL,"Holmes County, Florida",HUDSON,34669,1,0,1,0,0,0,0,0,0,0,0,0,0,6210b8ca835fa6921ac1e47e
4399,FL,"Holmes County, Florida",MARIANNA,32446,1,1,0,0,0,0,0,0,0,0,0,0,0,6210b8ca835fa6921ac1e47f
4399,FL,"Jackson County, Florida",ALFORD,32426,1,0,0,1,1,1,4055.02,1,1,4055.02,1,0,0,6210b8ca835fa6921ac1e486
4399,FL,"Jackson County, Florida",GRACEVILLE,32400,1,0,1,0,1,0,0,1,0,0,1,0,0,6210b8ca835fa6921ac1e48e
4399,FL,"Jackson County, Florida",GRAND RIDGE,32442,1083,571,237,275,1005,414,1777271.32,982,338,1524711.84,445,197,252559.48,6210b8ca835fa6921ac1e490
4399,FL,"Jackson County, Florida",GREENWOOD,32446,1,0,0,1,1,0,0,1,0,0,1,0,0,6210b8ca835fa6921ac1e494
4399,FL,"Jackson County, Florida",JACKSONVILLE,32246,1,0,1,0,1,0,0,0,0,0,1,0,0,6210b8ca835fa6921ac1e498
4399,FL,"Bay County, Florida",BRADENTON,34205,3,1,1,1,3,0,0,2,0,0,1,0,0,6210b8ca835fa6921ac1e3be
4399,FL,"Bay County, Florida",CRESTVIEW,32536,1,1,0,0,1,1,1734,1,1,1734,0,0,0,6210b8ca835fa6921ac1e3c4
4399,FL,"Bay County, Florida",FOUNTAIN,32448,1,1,0,0,1,0,0,1,0,0,1,0,0,6210b8ca835fa6921ac1e3cb
4399,FL,"Bay County, Florida",FOUNTAIN,32468,1,0,0,1,1,0,0,1,0,0,1,0,0,6210b8ca835fa6921ac1e3cd
4399,FL,"Bay County, Florida",HIALEAH,33012,1,1,0,0,1,0,0,1,0,0,1,0,0,6210b8ca835fa6921ac1e3d0
4399,FL,"Bay County, Florida",JACKSONVILLE,32218,1,0,1,0,1,0,0,1,0,0,1,0,0,6210b8ca835fa6921ac1e3d1
4399,FL,"Bay County, Florida",LYNN HAVEN,32405,69,47,14,8,66,18,64631.01,66,17,60134,23,4,4497.01,6210b8ca835fa6921ac1e3d4
4399,FL,"Bay County, Florida",LYNN HAVEN,32444,7074,3175,2069,1830,6707,1659,7462519.6,6630,1395,5821206.52,2341,877,1641313.08,6210b8ca835fa6921ac1e3d5
4399,FL,"Bay County, Florida",MEXICO BEACH,32410,50,17,25,8,35,22,243827.9,35,20,228362.4,12,8,15465.5,6210b8ca835fa6921ac1e3da
4399,FL,"Bay County, Florida",MEXICO BEACH,32456,782,290,350,142,540,281,2712033.38,536,266,2407116.07,191,91,304917.31,6210b8ca835fa6921ac1e3db
4399,FL,"Bay County, Florida",NICEVILLE,32578,1,0,1,0,1,0,0,1,0,0,1,0,0,6210b8ca835fa6921ac1e3dd
4399,FL,"Bay County, Florida",P C BEACH,32413,3,0,1,2,3,0,0,2,0,0,2,0,0,6210b8ca835fa6921ac1e3e0
4399,FL,"Bay County, Florida",PANAMA,32541,1,0,0,1,1,1,1734,1,1,1734,0,0,0,6210b8ca835fa6921ac1e3e7
4399,FL,"Bay County, Florida",PANAMA CITY,23408,1,0,0,1,0,0,0,0,0,0,0,0,0,6210b8ca835fa6921ac1e3eb
4399,FL,"Bay County, Florida",PANAMA CITY,32413,15,5,3,7,15,2,6173.07,13,2,4284.34,6,2,1888.73,6210b8ca835fa6921ac1e3fa
4399,FL,"Bay County, Florida",PANAMA CITY,34205,1,0,0,1,1,1,4353.87,1,1,2022,1,1,2331.87,6210b8ca835fa6921ac1e3fe
4399,FL,"Bay County, Florida",PANAMA CITY,35904,1,0,0,1,1,0,0,1,0,0,0,0,0,6210b8ca835fa6921ac1e3ff
4399,FL,"Bay County, Florida",PANAMA CITY BCH,32413,1,0,1,0,0,0,0,0,0,0,0,0,0,6210b8ca835fa6921ac1e400
4399,FL,"Bay County, Florida",PANAMA CITY BEACH,32401,6,1,3,2,5,1,854.62,5,0,0,4,1,854.62,6210b8ca835fa6921ac1e402
4399,FL,"Bay County, Florida",PANAMA CITY BEACH,32407,1699,494,578,627,1333,158,493536.89,1192,123,424887.91,545,65,68648.98,6210b8ca835fa6921ac1e404
4399,FL,"Bay County, Florida",PANAMA CITY BEACH,32413,1214,327,468,419,885,85,206147.07,790,56,174859.14,347,38,31287.93,6210b8ca835fa6921ac1e407
4399,FL,"Bay County, Florida",PORT SAINT JOE,32456,5,3,1,1,3,0,0,3,0,0,1,0,0,6210b8ca835fa6921ac1e40f
4399,FL,"Bay County, Florida",PRETTY BAYOU,32405,1,1,0,0,1,0,0,1,0,0,0,0,0,6210b8ca835fa6921ac1e412
4399,FL,"Bay County, Florida",SANTA ROSA BEACH,32459,1,1,0,0,1,0,0,0,0,0,1,0,0,6210b8ca835fa6921ac1e417
4399,FL,"Bay County, Florida",SOUTH PORT,32409,4,3,0,1,4,1,4070.45,4,1,4070.45,0,0,0,6210b8ca835fa6921ac1e41a
4399,FL,"Bay County, Florida",TALLAHASSEE,32310,1,0,0,1,1,0,0,0,0,0,1,0,0,6210b8ca835fa6921ac1e41f
4399,FL,"Bay County, Florida",TYNDALL,32404,1,0,0,1,1,0,0,1,0,0,1,0,0,6210b8ca835fa6921ac1e423
4399,FL,"Bay County, Florida",TYNDALL AFB,32403,125,8,62,55,108,28,106360.46,106,25,78117.97,43,9,28242.49,6210b8ca835fa6921ac1e424
4399,FL,"Bay County, Florida",UNIT K,32405,1,0,0,1,1,0,0,1,0,0,1,0,0,6210b8ca835fa6921ac1e425
4399,FL,"Bay County, Florida",YOUNGTOWN,32466,1,0,0,1,1,1,4345.48,1,1,1734,1,1,2611.48,6210b8ca835fa6921ac1e429
4399,FL,"Calhoun County, Florida",BONIFAY,32425,1,0,0,1,1,0,0,1,0,0,0,0,0,6210b8ca835fa6921ac1e431
4399,FL,"Calhoun County, Florida",PANAMA CITY,32401,1,0,1,0,1,1,1212,1,1,1212,0,0,0,6210b8ca835fa6921ac1e43a
4399,FL,"Calhoun County, Florida",WEWAHITCHKA,32449,99,76,9,14,93,50,216140.99,93,47,195608.4,51,21,20532.59,6210b8ca835fa6921ac1e43e
4399,FL,"Franklin County, Florida",APALACHICOLA,32320,600,254,187,159,482,120,512045.74,443,95,417525.94,205,55,94519.8,6210b8ca835fa6921ac1e442
4399,FL,"Franklin County, Florida",FORT LAUDERDALE,33304,1,0,1,0,0,0,0,0,0,0,0,0,0,6210b8ca835fa6921ac1e446
4399,FL,"Franklin County, Florida",LANARK VILLAGE,32323,19,15,1,3,13,5,11834.37,9,3,10021.03,7,3,1813.34,6210b8ca835fa6921ac1e447
4399,FL,"Franklin County, Florida",PANACEA,32346,49,29,14,6,27,15,52548.47,26,14,48594.11,9,7,3954.36,6210b8ca835fa6921ac1e448
4399,FL,"Franklin County, Florida",POMPANO BEACH,33076,1,0,1,0,1,0,0,1,0,0,0,0,0,6210b8ca835fa6921ac1e449
4399,FL,"Franklin County, Florida",SAINT GEORGE ISLAND,32328,70,8,45,17,51,24,93687.07,48,17,81128.18,22,11,12558.89,6210b8ca835fa6921ac1e44c
4399,FL,"Franklin County, Florida",SOPCHOPPY,32358,5,3,2,0,4,2,15343.28,4,2,13872.45,2,2,1470.83,6210b8ca835fa6921ac1e44d
4399,FL,"Franklin County, Florida",ST GEORGE ISL,32328,2,0,2,0,1,1,11159.59,1,1,10949.6,1,1,209.99,6210b8ca835fa6921ac1e44e
4399,FL,"Gadsden County, Florida",CHATTAHOOCHEE,32324,982,519,221,242,859,304,809623.93,835,251,722014.62,380,123,87609.31,6210b8ca835fa6921ac1e451
4399,FL,"Gadsden County, Florida",GREENSBORO,32305,1,0,0,1,1,0,0,1,0,0,1,0,0,6210b8ca835fa6921ac1e452
4399,FL,"Gadsden County, Florida",QUINCY,32351,2788,1372,636,780,2168,513,1372074.6,1988,366,1162786.75,953,250,209287.85,6210b8ca835fa6921ac1e45c
4399,FL,"Gulf County, Florida",PORT ST. JOE,32456,1,1,0,0,0,0,0,0,0,0,0,0,0,6210b8ca835fa6921ac1e46e
4399,FL,"Gulf County, Florida",WEWAHICHKA,32465,1,0,0,1,1,1,4822.82,1,1,4822.82,0,0,0,6210b8ca835fa6921ac1e470
4399,FL,"Gulf County, Florida",WEWAHITCHKA,32465,1980,991,390,599,1808,697,2743623.42,1758,592,2466759.21,814,295,276864.21,6210b8ca835fa6921ac1e472
4399,FL,"Gulf County, Florida",WEWAHITCHKA,32645,1,0,0,1,1,0,0,1,0,0,0,0,0,6210b8ca835fa6921ac1e473
4399,FL,"Holmes County, Florida",PONCE DE LEON,32422,1,0,0,1,1,0,0,1,0,0,1,0,0,6210b8ca835fa6921ac1e482
4399,FL,"Holmes County, Florida",PONCE DE LEON,32455,118,57,26,35,74,17,23896,67,12,20568.8,45,9,3327.2,6210b8ca835fa6921ac1e483
4399,FL,"Jackson County, Florida",ALFORD,32431,1,1,0,0,1,1,1388,1,1,1388,0,0,0,6210b8ca835fa6921ac1e487
4399,FL,"Jackson County, Florida",ALFORD,32460,1,1,0,0,1,1,529.36,1,0,0,1,1,529.36,6210b8ca835fa6921ac1e488
4399,FL,"Jackson County, Florida",BASCOM,32423,316,170,70,76,284,97,327004.42,276,83,287903.97,116,38,39100.45,6210b8ca835fa6921ac1e489
4399,FL,"Jackson County, Florida",CAMPBELLTON,32426,195,122,37,36,167,70,385661.76,165,64,333554.17,69,27,52107.59,6210b8ca835fa6921ac1e48a
4399,FL,"Jackson County, Florida",CYPRESS,32432,15,6,4,5,14,7,18057.31,14,5,12716.23,8,5,5341.08,6210b8ca835fa6921ac1e48d
4399,FL,"Jackson County, Florida",MARIANNA,23448,1,0,0,1,1,0,0,1,0,0,1,0,0,6210b8ca835fa6921ac1e49c
4399,FL,"Bay County, Florida",CALLAWAY CITY,32404,1,1,0,0,1,1,1734,1,1,1734,0,0,0,6210b8ca835fa6921ac1e3c2
4399,FL,"Bay County, Florida",DUNNELLON,34433,1,0,1,0,0,0,0,0,0,0,0,0,0,6210b8ca835fa6921ac1e3c7
4399,FL,"Bay County, Florida",GREENVILLE,32331,1,1,0,0,1,0,0,0,0,0,1,0,0,6210b8ca835fa6921ac1e3ce
4399,FL,"Bay County, Florida",GULF BREEZE,32563,1,0,1,0,0,0,0,0,0,0,0,0,0,6210b8ca835fa6921ac1e3cf
4399,FL,"Bay County, Florida",LYNN HAVEN,32404,1,0,1,0,1,1,5458.99,1,1,4880.16,1,1,578.83,6210b8ca835fa6921ac1e3d3
4399,FL,"Bay County, Florida",MARIANNA,32446,1,1,0,0,1,0,0,1,0,0,0,0,0,6210b8ca835fa6921ac1e3d8
4399,FL,"Bay County, Florida",P C BEACH,32407,9,0,4,5,6,0,0,6,0,0,1,0,0,6210b8ca835fa6921ac1e3de
4399,FL,"Bay County, Florida",PALM BAY,32909,1,0,1,0,1,0,0,1,0,0,1,0,0,6210b8ca835fa6921ac1e3e2
4399,FL,"Bay County, Florida",PANAMA,32405,1,0,0,1,1,1,4295.04,1,1,2022,1,1,2273.04,6210b8ca835fa6921ac1e3e5
4399,FL,"Bay County, Florida",PANAMA CITY,32401,10630,5577,2220,2833,9894,5030,25428920.45,9765,4455,20029953.2,5570,2848,5398967.25,6210b8ca835fa6921ac1e3f0
4399,FL,"Bay County, Florida",PANAMA CITY,32402,5,0,1,4,5,2,4638.53,4,2,3468,4,1,1170.53,6210b8ca835fa6921ac1e3f1
4399,FL,"Bay County, Florida",PANAMA CITY,32406,4,0,1,3,2,1,1734,2,1,1734,1,0,0,6210b8ca835fa6921ac1e3f5
4399,FL,"Bay County, Florida",PANAMA CITY,32408,2442,1138,748,556,1994,321,928458.36,1917,237,764429.76,681,161,164028.6,6210b8ca835fa6921ac1e3f7
4399,FL,"Bay County, Florida",PANAMA CITY,32409,2257,1250,511,496,2108,713,3498723.88,2076,581,3031074.84,888,344,467649.04,6210b8ca835fa6921ac1e3f8
4399,FL,"Bay County, Florida",PANAMA CITY,32414,1,0,1,0,1,1,3897.63,1,1,2858,1,1,1039.63,6210b8ca835fa6921ac1e3fb
4399,FL,"Bay County, Florida",PANAMA CITY BEACH,32461,2,0,2,0,1,0,0,0,0,0,1,0,0,6210b8ca835fa6921ac1e408
4399,FL,"Bay County, Florida",PARKER,32404,111,24,31,56,101,57,213006.34,97,48,168056.74,56,30,44949.6,6210b8ca835fa6921ac1e40a
4399,FL,"Bay County, Florida",PCB,32413,2,0,1,1,1,0,0,1,0,0,1,0,0,6210b8ca835fa6921ac1e40d
4399,FL,"Bay County, Florida",SPRINGFIELD,32404,12,6,4,2,11,9,75309.15,11,9,67042.35,7,3,8266.8,6210b8ca835fa6921ac1e41e
4399,FL,"Bay County, Florida",THOMAS DRIVE,32408,1,0,0,1,0,0,0,0,0,0,0,0,0,6210b8ca835fa6921ac1e421
4399,FL,"Bay County, Florida",WEWAHITCHKA,32465,2,2,0,0,2,1,4506.62,2,1,4506.62,2,0,0,6210b8ca835fa6921ac1e427
4399,FL,"Calhoun County, Florida",ALTHA,23421,1,0,0,1,1,1,1212,1,1,1212,1,0,0,6210b8ca835fa6921ac1e42c
4399,FL,"Calhoun County, Florida",ALTHA,32421,1467,859,289,319,1390,713,3765231.04,1370,616,3183233.18,680,315,581997.86,6210b8ca835fa6921ac1e42d
4399,FL,"Calhoun County, Florida",ALTHA,32424,1,0,0,1,1,0,0,1,0,0,1,0,0,6210b8ca835fa6921ac1e42e
4399,FL,"Calhoun County, Florida",ALTHEA,32421,1,0,0,1,1,0,0,1,0,0,1,0,0,6210b8ca835fa6921ac1e42f
4399,FL,"Calhoun County, Florida",KINARD,32449,128,53,26,49,121,72,523446.69,121,71,488481.02,56,27,34965.67,6210b8ca835fa6921ac1e437
4399,FL,"Calhoun County, Florida",PANAMA CITY,32405,1,1,0,0,0,0,0,0,0,0,0,0,0,6210b8ca835fa6921ac1e43b
4399,FL,"Calhoun County, Florida",PANAMA CITY BEACH,32407,1,0,1,0,1,0,0,1,0,0,1,0,0,6210b8ca835fa6921ac1e43c
4399,FL,"Franklin County, Florida",ALLIGATOR POINT,32346,20,3,14,3,11,5,27035.7,10,4,16265.73,5,3,10769.97,6210b8ca835fa6921ac1e441
4399,FL,"Franklin County, Florida",BRISTOL,32321,3,1,1,1,3,3,7232.36,3,2,6756.48,2,1,475.88,6210b8ca835fa6921ac1e443
4399,FL,"Franklin County, Florida",PORT SAINT JOE,32456,1,0,1,0,1,1,4446.04,1,1,4446.04,0,0,0,6210b8ca835fa6921ac1e44a
4399,FL,"Franklin County, Florida",ST TERESA,32358,4,1,3,0,3,1,10416.76,3,1,10146.77,1,1,269.99,6210b8ca835fa6921ac1e450
4399,FL,"Gadsden County, Florida",GRETNA,32332,334,197,53,84,277,81,353581.1,251,71,322681.73,137,29,30899.37,6210b8ca835fa6921ac1e455
4399,FL,"Gadsden County, Florida",HAVANA,32351,1,0,1,0,1,1,2059.38,1,1,1552,1,1,507.38,6210b8ca835fa6921ac1e457
4399,FL,"Gadsden County, Florida",TALLHASSEE,32343,1,0,0,1,0,0,0,0,0,0,0,0,0,6210b8ca835fa6921ac1e461
4399,FL,"Gulf County, Florida",CAPE SAN BLAS,32456,12,1,10,1,1,0,0,1,0,0,0,0,0,6210b8ca835fa6921ac1e463
4399,FL,"Gulf County, Florida",MEXICO BEACH,32410,2,2,0,0,2,2,4116.56,2,2,4116.56,0,0,0,6210b8ca835fa6921ac1e465
4399,FL,"Gulf County, Florida",PANAMA CITY,32404,1,0,0,1,1,0,0,1,0,0,0,0,0,6210b8ca835fa6921ac1e469
4399,FL,"Gulf County, Florida",PORT SAINT JOE,32456,185,20,78,87,150,69,404052.39,147,60,318499.49,65,29,85552.9,6210b8ca835fa6921ac1e46a
4399,FL,"Gulf County, Florida",PORT ST JOE,35824,1,0,0,1,0,0,0,0,0,0,0,0,0,6210b8ca835fa6921ac1e46d
4399,FL,"Gulf County, Florida",WHITE CITY,32465,1,0,1,0,1,0,0,1,0,0,0,0,0,6210b8ca835fa6921ac1e474
4399,FL,"Holmes County, Florida",BRUCE,32455,1,0,0,1,1,1,3650.87,1,1,1076,1,1,2574.87,6210b8ca835fa6921ac1e477
4399,FL,"Holmes County, Florida",DEFUNIAK SPRINGS,32433,3,0,2,1,3,2,14350.76,3,1,13886.91,2,1,463.85,6210b8ca835fa6921ac1e47b
4399,FL,"Holmes County, Florida",GRACEVILLE,32440,87,38,19,30,61,15,48101.44,60,12,46127.08,24,7,1974.36,6210b8ca835fa6921ac1e47c
4399,FL,"Holmes County, Florida",HUDSON,34667,1,0,1,0,1,0,0,1,0,0,0,0,0,6210b8ca835fa6921ac1e47d
4399,FL,"Holmes County, Florida",WESTVILLE,32464,166,78,40,48,113,29,47995.42,96,18,33311.31,64,20,14684.11,6210b8ca835fa6921ac1e484
4399,FL,"Jackson County, Florida",ALFORD,32420,672,362,141,169,623,255,797895.23,609,221,709273.8,255,93,88621.43,6210b8ca835fa6921ac1e485
4399,FL,"Jackson County, Florida",GRANDRIDGE,32442,1,0,0,1,1,1,1644.83,1,1,606,1,1,1038.83,6210b8ca835fa6921ac1e491
4399,FL,"Jackson County, Florida",GREEENWOOD,32443,1,0,1,0,1,1,151.55,1,1,151.55,0,0,0,6210b8ca835fa6921ac1e492
4399,FL,"Jackson County, Florida",HAVANA,32333,1,1,0,0,1,0,0,1,0,0,0,0,0,6210b8ca835fa6921ac1e495
4399,FL,"Jackson County, Florida",JACKSONVILLE,32225,1,1,0,0,1,0,0,1,0,0,0,0,0,6210b8ca835fa6921ac1e497
4399,FL,"Jackson County, Florida",JACOB,32431,1,0,1,0,0,0,0,0,0,0,0,0,0,6210b8ca835fa6921ac1e499
4399,FL,"Jackson County, Florida",MALONE,32445,284,147,64,73,242,118,440147.33,231,98,349369.09,125,57,90778.24,6210b8ca835fa6921ac1e49a
4399,FL,"Bay County, Florida",BRADENTON,34201,1,1,0,0,1,0,0,1,0,0,0,0,0,6210b8ca835fa6921ac1e3bd
4399,FL,"Bay County, Florida",CALLAWAY,30404,1,0,0,1,1,0,0,1,0,0,0,0,0,6210b8ca835fa6921ac1e3c0
4399,FL,"Bay County, Florida",CHIPLEY,32428,5,2,2,1,3,0,0,2,0,0,1,0,0,6210b8ca835fa6921ac1e3c3
4399,FL,"Bay County, Florida",DESTIN,32541,2,0,1,1,2,0,0,2,0,0,1,0,0,6210b8ca835fa6921ac1e3c6
4399,FL,"Bay County, Florida",FOUNTAIN,32466,1,1,0,0,1,0,0,1,0,0,1,0,0,6210b8ca835fa6921ac1e3cc
4399,FL,"Bay County, Florida",LYNNHAVEN,32401,1,1,0,0,0,0,0,0,0,0,0,0,0,6210b8ca835fa6921ac1e3d6
4399,FL,"Bay County, Florida",MIRAMAR BEACH,32550,1,1,0,0,1,0,0,1,0,0,0,0,0,6210b8ca835fa6921ac1e3dc
4399,FL,"Bay County, Florida",PANAMA,32401,5,0,2,3,5,2,13328.79,5,2,11582.57,3,2,1746.22,6210b8ca835fa6921ac1e3e3
4399,FL,"Bay County, Florida",PANAMA,32409,2,0,0,2,2,1,1734,2,1,1734,1,0,0,6210b8ca835fa6921ac1e3e6
4399,FL,"Bay County, Florida",PANAMA CIT,32404,1,0,0,1,1,0,0,1,0,0,1,0,0,6210b8ca835fa6921ac1e3e9
4399,FL,"Bay County, Florida",PANAMA CITY,32301,1,0,0,1,1,0,0,0,0,0,1,0,0,6210b8ca835fa6921ac1e3ed
4399,FL,"Bay County, Florida",PANAMA CITY,32403,267,63,98,106,236,63,187372.29,229,58,152063.46,78,18,35308.83,6210b8ca835fa6921ac1e3f2
4399,FL,"Bay County, Florida",PANAMA CITY,32404,14272,7341,3176,3755,13532,5345,29328312.04,13416,4745,23318967.94,5932,2845,6009344.1,6210b8ca835fa6921ac1e3f3
4399,FL,"Bay County, Florida",PANAMA CITY,32405,10724,4933,2691,3100,10048,3629,17888466.35,9929,3182,14106290.19,4364,1852,3782176.16,6210b8ca835fa6921ac1e3f4
4399,FL,"Bay County, Florida",PANAMA CITY,32411,7,1,5,1,6,0,0,6,0,0,0,0,0,6210b8ca835fa6921ac1e3f9
4399,FL,"Bay County, Florida",PANAMA CITY,32461,3,0,0,3,3,1,2263.36,2,1,1734,3,1,529.36,6210b8ca835fa6921ac1e3fd
4399,FL,"Bay County, Florida",PANAMA CITY BEACH,32408,1407,176,707,524,1163,173,716392.43,1098,121,612258.19,427,86,104134.24,6210b8ca835fa6921ac1e405
4399,FL,"Bay County, Florida",PANAMA CITY BEACH,32409,1,0,0,1,1,0,0,1,0,0,0,0,0,6210b8ca835fa6921ac1e406
4399,FL,"Bay County, Florida",PCB,32408,2,0,0,2,2,0,0,1,0,0,2,0,0,6210b8ca835fa6921ac1e40c
4399,FL,"Bay County, Florida",PORT ST JOE,32410,1,1,0,0,1,1,2890.94,1,1,2890.94,1,0,0,6210b8ca835fa6921ac1e410
4399,FL,"Bay County, Florida",ROSEMARY BCH,32461,3,1,1,1,0,0,0,0,0,0,0,0,0,6210b8ca835fa6921ac1e415
4399,FL,"Bay County, Florida",SOUTHPORT,29409,1,0,0,1,1,0,0,1,0,0,0,0,0,6210b8ca835fa6921ac1e41b
4399,FL,"Bay County, Florida",SPRINGFIELD,32401,15,8,1,6,15,9,58837.48,15,9,50015.28,10,4,8822.2,6210b8ca835fa6921ac1e41d
4399,FL,"Bay County, Florida",TALLAHASSEE,32312,1,0,1,0,1,0,0,1,0,0,0,0,0,6210b8ca835fa6921ac1e420
4399,FL,"Bay County, Florida",VERNON,32462,7,2,3,2,5,2,1530.29,5,1,1110.31,3,2,419.98,6210b8ca835fa6921ac1e426
4399,FL,"Bay County, Florida",YOUNGSTOWN,32466,2112,1175,434,503,2030,1029,5646144.34,2015,939,5011391.57,959,418,634752.77,6210b8ca835fa6921ac1e428
4399,FL,"Calhoun County, Florida",BLOUNTSTOWN,32424,1768,1051,358,359,1634,618,2790299.5,1606,525,2373232.58,768,294,417066.92,6210b8ca835fa6921ac1e430
4399,FL,"Calhoun County, Florida",CRAWFORDVILLE,32327,1,0,1,0,1,0,0,0,0,0,1,0,0,6210b8ca835fa6921ac1e433
4399,FL,"Calhoun County, Florida",FOUNTAIN,32438,74,44,15,15,68,45,289242.1,68,40,243142.9,38,18,46099.2,6210b8ca835fa6921ac1e435
4399,FL,"Calhoun County, Florida",QUINCY,32351,1,1,0,0,1,0,0,1,0,0,0,0,0,6210b8ca835fa6921ac1e43d
4399,FL,"Franklin County, Florida",EASTPOINT,32328,510,252,132,126,388,137,542400.42,364,111,471293.51,163,54,71106.91,6210b8ca835fa6921ac1e445
4399,FL,"Franklin County, Florida",ST GEORGE ISLAND,32328,1,1,0,0,1,0,0,1,0,0,1,0,0,6210b8ca835fa6921ac1e44f
4399,FL,"Gadsden County, Florida",GREENSBORO,32351,37,25,5,7,31,7,13058.78,30,5,11519.28,11,3,1539.5,6210b8ca835fa6921ac1e454
4399,FL,"Gadsden County, Florida",HAVANA,32333,1135,386,413,336,813,180,506247.18,744,123,426388.09,334,92,79859.09,6210b8ca835fa6921ac1e456
4399,FL,"Gadsden County, Florida",MIDWAY,32343,446,138,145,163,330,42,94345.28,296,29,77176.15,132,22,17169.13,6210b8ca835fa6921ac1e459
4399,FL,"Gadsden County, Florida",MOUNT PLEASANT,32352,4,0,2,2,3,1,209.99,3,0,0,2,1,209.99,6210b8ca835fa6921ac1e45a
4399,FL,"Gadsden County, Florida",MT PLEASANT,32352,1,1,0,0,1,0,0,1,0,0,0,0,0,6210b8ca835fa6921ac1e45b
4399,FL,"Gadsden County, Florida",QUNICY,32352,1,0,0,1,1,0,0,1,0,0,0,0,0,6210b8ca835fa6921ac1e45f
4399,FL,"Gadsden County, Florida",TALLAHASSEE,32303,2,1,1,0,0,0,0,0,0,0,0,0,0,6210b8ca835fa6921ac1e460
4399,FL,"Gulf County, Florida",MEXICO BEACH,32456,203,58,99,46,128,45,443719.9,122,42,386244.93,54,19,57474.97,6210b8ca835fa6921ac1e466
4399,FL,"Gulf County, Florida",PANAMA CITY,32401,1,1,0,0,0,0,0,0,0,0,0,0,0,6210b8ca835fa6921ac1e468
4399,FL,"Gulf County, Florida",PORT SAINT JOE,32457,2,0,0,2,2,1,1279.71,2,1,1279.71,0,0,0,6210b8ca835fa6921ac1e46b
4399,FL,"Gulf County, Florida",PORT ST JOE,32456,2951,1451,992,508,2353,1020,7933889.07,2328,923,6868512.06,901,378,1065377.01,6210b8ca835fa6921ac1e46c
4399,FL,"Holmes County, Florida",NOMA,32425,1,0,0,1,1,0,0,1,0,0,0,0,0,6210b8ca835fa6921ac1e480
4399,FL,"Holmes County, Florida",PANAMA CITY,32405,1,1,0,0,1,1,3893.1,1,1,1388,1,1,2505.1,6210b8ca835fa6921ac1e481
4399,FL,"Jackson County, Florida",CHIPLEY,32428,5,2,0,3,4,0,0,4,0,0,1,0,0,6210b8ca835fa6921ac1e48b
4399,FL,"Jackson County, Florida",COTTONDALE,32431,1165,622,252,291,1064,437,1641801.11,1043,359,1408187.71,476,193,233613.4,6210b8ca835fa6921ac1e48c
4399,FL,"Jackson County, Florida",GRACEVILLE,32440,416,178,109,129,318,84,190512.21,294,64,169642.63,131,33,20869.58,6210b8ca835fa6921ac1e48f
4399,FL,"Jackson County, Florida",GREENWOOD,32443,903,542,163,198,816,341,1327099.65,798,290,1140509.92,390,159,186589.73,6210b8ca835fa6921ac1e493
4399,FL,"Jackson County, Florida",JACKSONVILLE,32205,1,0,1,0,1,0,0,0,0,0,1,0,0,6210b8ca835fa6921ac1e496
4399,FL,"Jackson County, Florida",MARIANA,32448,1,1,0,0,1,0,0,1,0,0,0,0,0,6210b8ca835fa6921ac1e49b
4399,FL,"Leon County, Florida",GRETNA,32332,1,1,0,0,1,0,0,1,0,0,1,0,0,6210b8cb835fa6921ac1e4ae
4399,FL,"Jackson County, Florida",MARIANNA,32443,2,1,1,0,1,0,0,1,0,0,0,0,0,6210b8cb835fa6921ac1e4a2
4399,FL,"Jackson County, Florida",MARIANNA,32448,2633,1520,477,636,2441,1078,4423301.98,2382,910,3774470.69,1174,517,648831.29,6210b8cb835fa6921ac1e4a5
4399,FL,"Jackson County, Florida",PONCE DE LEON,32455,1,1,0,0,0,0,0,0,0,0,0,0,0,6210b8cb835fa6921ac1e4a8
4399,FL,"Jackson County, Florida",TALLAHASSEE,32303,1,0,1,0,1,0,0,1,0,0,1,0,0,6210b8cb835fa6921ac1e4aa
4399,FL,"Leon County, Florida",SOUTHPORT,32409,1,0,1,0,1,0,0,1,0,0,1,0,0,6210b8cb835fa6921ac1e4b2
4399,FL,"Leon County, Florida",TALLAHASSEE,32304,1298,236,500,562,675,74,163537.74,496,43,104918.9,372,48,58618.84,6210b8cb835fa6921ac1e4b8
4399,FL,"Leon County, Florida",TALLAHASSEE,32306,1,0,0,1,1,0,0,1,0,0,0,0,0,6210b8cb835fa6921ac1e4ba
4399,FL,"Leon County, Florida",TALLAHASSEE,32308,318,59,152,107,177,13,14449.38,135,10,12300.56,74,4,2148.82,6210b8cb835fa6921ac1e4bc
4399,FL,"Leon County, Florida",TALLAHASSEE,32311,273,48,131,94,160,20,51837.26,129,11,35727.72,66,10,16109.54,6210b8cb835fa6921ac1e4bf
4399,FL,"Leon County, Florida",TALLAHASSEE,32312,506,103,284,119,343,30,45294.36,295,16,38137.6,111,15,7156.76,6210b8cb835fa6921ac1e4c0
4399,FL,"Liberty County, Florida",ALTHA,32421,2,2,0,0,2,0,0,2,0,0,1,0,0,6210b8cb835fa6921ac1e4c8
4399,FL,"Liberty County, Florida",BRISTOL,32321,1127,674,233,220,1000,336,1094214.58,959,265,902263.67,465,163,191950.91,6210b8cb835fa6921ac1e4c9
4399,FL,"Taylor County, Florida",LAKE CITY,32025,1,0,0,1,1,0,0,1,0,0,1,0,0,6210b8cb835fa6921ac1e4ce
4399,FL,"Taylor County, Florida",SALEM,32356,5,2,3,0,5,4,5542.86,5,2,2600,5,3,2942.86,6210b8cb835fa6921ac1e4d2
4399,FL,"Taylor County, Florida",STEINHATCHEE,32359,38,21,3,14,31,8,18767.42,27,6,17195.45,19,3,1571.97,6210b8cb835fa6921ac1e4d3
4399,FL,"Wakulla County, Florida",SOPCHOPPY,32358,87,35,26,26,61,22,53498,56,18,48449.5,24,6,5048.5,6210b8cb835fa6921ac1e4dc
4399,FL,"Washington County, Florida",CHIPLEY,32420,1,0,0,1,1,0,0,1,0,0,0,0,0,6210b8cb835fa6921ac1e4e4
4399,FL,"Washington County, Florida",FOUNTAIN,32438,13,5,2,6,13,6,21685.48,13,6,15474.79,4,3,6210.69,6210b8cb835fa6921ac1e4e8
4399,FL,"Washington County, Florida",PANAMA CITY BEACH,32407,1,1,0,0,0,0,0,0,0,0,0,0,0,6210b8cb835fa6921ac1e4ea
4399,FL,"Washington County, Florida",VERNON,32462,376,177,106,93,309,117,347823.37,291,96,270339.57,158,61,77483.8,6210b8cb835fa6921ac1e4ec
4399,FL,"Washington County, Florida",VERNON,32642,1,0,1,0,1,0,0,1,0,0,0,0,0,6210b8cb835fa6921ac1e4ed
4399,FL,"Washington County, Florida",WAUSAU,32428,16,8,3,5,11,1,250,10,0,0,4,1,250,6210b8cb835fa6921ac1e4ee
4399,FL,"Washington County, Florida",YOUNGSTOWN,32466,43,21,16,6,40,21,72240.29,40,18,60646.88,19,8,11593.41,6210b8cb835fa6921ac1e4f0
4399,FL,"Leon County, Florida",QUINCY,32301,1,0,0,1,0,0,0,0,0,0,0,0,0,6210b8cb835fa6921ac1e4b1
4399,FL,"Leon County, Florida",TALLAHASEE,32303,1,0,1,0,0,0,0,0,0,0,0,0,0,6210b8cb835fa6921ac1e4b3
4399,FL,"Leon County, Florida",TALLAHASSEE,32305,684,226,207,251,463,73,134898.13,390,52,109319.9,234,32,25578.23,6210b8cb835fa6921ac1e4b9
4399,FL,"Leon County, Florida",TALLAHASSEE,32307,10,2,2,6,5,0,0,4,0,0,3,0,0,6210b8cb835fa6921ac1e4bb
4399,FL,"Leon County, Florida",TALLAHASSEE,32309,367,76,198,93,227,20,20000.54,192,11,13997.24,77,11,6003.3,6210b8cb835fa6921ac1e4bd
4399,FL,"Leon County, Florida",TALLHASSEE,32303,1,0,1,0,0,0,0,0,0,0,0,0,0,6210b8cb835fa6921ac1e4c4
4399,FL,"Leon County, Florida",TALLHASSEE,32310,1,0,0,1,0,0,0,0,0,0,0,0,0,6210b8cb835fa6921ac1e4c5
4399,FL,"Liberty County, Florida",HOSFORD,32334,250,127,55,68,200,59,147993,188,42,127258.75,85,29,20734.25,6210b8cb835fa6921ac1e4cb
4399,FL,"Taylor County, Florida",GREENVILLE,32331,6,3,1,2,4,1,2616.8,4,1,2616.8,0,0,0,6210b8cb835fa6921ac1e4cd
4399,FL,"Wakulla County, Florida",CRAWFORDVILLE,32326,1,0,0,1,0,0,0,0,0,0,0,0,0,6210b8cb835fa6921ac1e4d6
4399,FL,"Wakulla County, Florida",SANTA ROSA BEACH,32459,1,0,0,1,1,0,0,1,0,0,0,0,0,6210b8cb835fa6921ac1e4db
4399,FL,"Wakulla County, Florida",WAKULLA SPRINGS,32305,5,0,2,3,3,0,0,0,0,0,3,0,0,6210b8cb835fa6921ac1e4de
4399,FL,"Washington County, Florida",BONIFAY,32425,72,28,21,23,54,13,49230.62,48,10,46728.91,16,4,2501.71,6210b8cb835fa6921ac1e4e1
4399,FL,"Washington County, Florida",CARYVILLE,32427,114,61,20,33,86,28,72495.27,73,18,66196.37,47,12,6298.9,6210b8cb835fa6921ac1e4e3
4399,FL,"Washington County, Florida",NICEVILLE,32578,1,1,0,0,0,0,0,0,0,0,0,0,0,6210b8cb835fa6921ac1e4e9
4399,FL,"Washington County, Florida",SUNNY HILLS,32428,3,2,0,1,3,0,0,3,0,0,0,0,0,6210b8cb835fa6921ac1e4eb
4399,FL,"Jackson County, Florida",MARIANNA,32446,2632,1332,599,701,2357,691,2164875.9,2301,579,1814356.17,917,282,350519.73,6210b8cb835fa6921ac1e4a3
4399,FL,"Jackson County, Florida",MARIANNA,32447,1,0,1,0,1,0,0,1,0,0,0,0,0,6210b8cb835fa6921ac1e4a4
4399,FL,"Jackson County, Florida",MARIANNA,32453,1,0,0,1,1,0,0,1,0,0,1,0,0,6210b8cb835fa6921ac1e4a6
4399,FL,"Jackson County, Florida",MARIANNA,32466,1,0,0,1,1,1,1212,1,1,1212,0,0,0,6210b8cb835fa6921ac1e4a7
4399,FL,"Jackson County, Florida",SNEADS,32460,1049,560,226,263,964,337,1324297.82,942,293,1202987.19,389,113,121310.63,6210b8cb835fa6921ac1e4a9
4399,FL,"Jackson County, Florida",TAMPA,33610,1,0,1,0,1,0,0,0,0,0,1,0,0,6210b8cb835fa6921ac1e4ac
4399,FL,"Jackson County, Florida",VERNON,32462,1,0,0,1,0,0,0,0,0,0,0,0,0,6210b8cb835fa6921ac1e4ad
4399,FL,"Leon County, Florida",PERRY,32347,1,0,1,0,0,0,0,0,0,0,0,0,0,6210b8cb835fa6921ac1e4b0
4399,FL,"Leon County, Florida",TALLAHASSEE,32303,1833,363,792,678,1057,125,281297.38,798,66,197997.89,488,75,83299.49,6210b8cb835fa6921ac1e4b7
4399,FL,"Leon County, Florida",TALLAHASSEE,32315,1,0,1,0,1,0,0,1,0,0,0,0,0,6210b8cb835fa6921ac1e4c1
4399,FL,"Leon County, Florida",TALLAHASSEE,32317,143,34,70,39,85,8,4997.12,71,3,2509.36,28,5,2487.76,6210b8cb835fa6921ac1e4c2
4399,FL,"Leon County, Florida",TALLAHASSEE,35304,1,0,0,1,1,0,0,1,0,0,0,0,0,6210b8cb835fa6921ac1e4c3
4399,FL,"Liberty County, Florida",CHATTAHOOCHEE,32324,1,1,0,0,1,0,0,1,0,0,0,0,0,6210b8cb835fa6921ac1e4ca
4399,FL,"Taylor County, Florida",LAMONT,32336,9,2,4,3,7,6,30286.34,7,5,25732.28,2,2,4554.06,6210b8cb835fa6921ac1e4cf
4399,FL,"Wakulla County, Florida",ALLIGATOR POINT,32346,2,0,2,0,0,0,0,0,0,0,0,0,0,6210b8cb835fa6921ac1e4d5
4399,FL,"Washington County, Florida",ALFORD,32420,10,6,0,4,10,5,12585.58,9,5,12585.58,3,0,0,6210b8cb835fa6921ac1e4e0
4399,FL,"Washington County, Florida",CARYVILLE,32425,3,0,1,2,2,0,0,1,0,0,1,0,0,6210b8cb835fa6921ac1e4e2
4399,FL,"Washington County, Florida",COTTONDALE,32431,97,45,21,31,85,40,110561.31,83,38,104134.51,36,14,6426.8,6210b8cb835fa6921ac1e4e6
4399,FL,"Jackson County, Florida",TALLAHASSEE,32312,1,0,0,1,1,0,0,1,0,0,1,0,0,6210b8cb835fa6921ac1e4ab
4399,FL,"Leon County, Florida",MIDWAY,32343,1,0,0,1,1,0,0,1,0,0,1,0,0,6210b8cb835fa6921ac1e4af
4399,FL,"Leon County, Florida",TALLAHASEE,32304,1,0,1,0,0,0,0,0,0,0,0,0,0,6210b8cb835fa6921ac1e4b4
4399,FL,"Leon County, Florida",TALLAHASEE,32310,1,0,0,1,1,0,0,1,0,0,1,0,0,6210b8cb835fa6921ac1e4b5
4399,FL,"Leon County, Florida",TALLAHASSEE,32301,798,136,312,350,398,34,73689,284,21,39683.46,221,22,34005.54,6210b8cb835fa6921ac1e4b6
4399,FL,"Leon County, Florida",TALLAHASSEE,32310,746,208,258,280,510,77,138625.69,415,54,118984.62,242,34,19641.07,6210b8cb835fa6921ac1e4be
4399,FL,"Leon County, Florida",WAKULLA SPRINGS,32305,4,0,2,2,4,1,1914,3,1,1914,2,0,0,6210b8cb835fa6921ac1e4c6
4399,FL,"Leon County, Florida",WOODVILLE,32305,16,12,3,1,11,2,2904.35,11,2,2372.56,4,1,531.79,6210b8cb835fa6921ac1e4c7
4399,FL,"Liberty County, Florida",TELOGIA,32360,17,13,2,2,14,2,3065.53,13,1,2060.01,5,2,1005.52,6210b8cb835fa6921ac1e4cc
4399,FL,"Taylor County, Florida",PERRY,32347,33,8,7,18,19,5,5749.14,15,1,2358.86,14,5,3390.28,6210b8cb835fa6921ac1e4d0
4399,FL,"Taylor County, Florida",PERRY,32348,93,38,29,26,75,20,31965.7,65,14,27588.71,34,6,4376.99,6210b8cb835fa6921ac1e4d1
4399,FL,"Wakulla County, Florida",1646 CRAWFORDVILLE,32327,1,0,0,1,0,0,0,0,0,0,0,0,0,6210b8cb835fa6921ac1e4d4
4399,FL,"Wakulla County, Florida",CRAWFORDVILLE,32327,928,334,343,251,643,197,804525.39,557,157,675924.48,261,84,128600.91,6210b8cb835fa6921ac1e4d7
4399,FL,"Wakulla County, Florida",OCHLOCKONEE BAY,32346,3,0,3,0,3,0,0,3,0,0,3,0,0,6210b8cb835fa6921ac1e4d8
4399,FL,"Wakulla County, Florida",PANACEA,32346,241,124,73,44,180,86,354239.41,171,73,290613.73,68,31,63625.68,6210b8cb835fa6921ac1e4d9
4399,FL,"Wakulla County, Florida",SAINT MARKS,32355,67,27,19,21,56,40,220047.7,56,35,185450.34,26,15,34597.36,6210b8cb835fa6921ac1e4da
4399,FL,"Wakulla County, Florida",TALLAHASSEE,32305,1,1,0,0,1,0,0,1,0,0,0,0,0,6210b8cb835fa6921ac1e4dd
4399,FL,"Wakulla County, Florida",WEST PALM BEACH,33409,1,1,0,0,0,0,0,0,0,0,0,0,0,6210b8cb835fa6921ac1e4df
4399,FL,"Washington County, Florida",CHIPLEY,32428,2368,1092,609,667,1986,570,1821395.84,1859,447,1555462.87,866,281,265932.97,6210b8cb835fa6921ac1e4e5
4399,FL,"Washington County, Florida",EBRO,32437,46,16,10,20,32,21,74331.01,31,20,66194.31,17,7,8136.7,6210b8cb835fa6921ac1e4e7
4399,FL,"Washington County, Florida",WAUSAU,32463,7,1,3,3,6,1,463.85,6,0,0,4,1,463.85,6210b8cb835fa6921ac1e4ef
